1,forms/SS_Code1.pdf
2,forms/SS_Code2.pdf
3,forms/SS_Code3.pdf
4,forms/SS_Code4.pdf
5,forms/SS_Code5.pdf
6,forms/SS_Code6.pdf
7,forms/SS_Code7.pdf
8,forms/SS_Code8.pdf
9,forms/SS_Code9.pdf
10,forms/SS_Code10.pdf
11,forms/SS_Code11.pdf
12,forms/SS_Code12.pdf
13,forms/SS_Code13.pdf
14,forms/SS_Code14.pdf
15,forms/SS_Code15.pdf
16,forms/SS_Code16.pdf
17,forms/SS_Code17.pdf
18,forms/SS_Code18.pdf
19,forms/SS_Code19.pdf
20,forms/SS_Code20.pdf
21,forms/SS_Code21.pdf
22,forms/SS_Code22.pdf
23,forms/SS_Code23.pdf
24,forms/SS_Code24.pdf
25,forms/SS_Code25.pdf
26,forms/SS_Code26.pdf
27,forms/SS_Code27.pdf
28,forms/SS_Code28.pdf
29,forms/SS_Code29.pdf
30,forms/SS_Code30.pdf
31,forms/SS_Code31.pdf
32,forms/SS_Code32.pdf
33,forms/SS_Code33.pdf
34,forms/SS_Code34.pdf
35,forms/SS_Code35.pdf
36,forms/SS_Code36.pdf
37,forms/SS_Code37.pdf
38,forms/SS_Code38.pdf
39,forms/SS_Code39.pdf
40,forms/SS_Code40.pdf
41,forms/SS_Code41.pdf
42,forms/SS_Code42.pdf
43,forms/SS_Code43.pdf
44,forms/SS_Code44.pdf
45,forms/SS_Code45.pdf
46,forms/SS_Code46.pdf
47,forms/SS_Code47.pdf
48,forms/SS_Code48.pdf
49,forms/SS_Code49.pdf
50,forms/SS_Code50.pdf
51,forms/SS_Code51.pdf
52,forms/SS_Code52.pdf
53,forms/SS_Code53.pdf
54,forms/SS_Code54.pdf
55,forms/SS_Code55.pdf
56,forms/SS_Code56.pdf
57,forms/SS_Code57.pdf
58,forms/SS_Code58.pdf
59,forms/SS_Code59.pdf
60,forms/SS_Code60.pdf
61,forms/SS_Code61.pdf
62,forms/SS_Code62.pdf
63,forms/SS_Code63.pdf
64,forms/SS_Code64.pdf
65,forms/SS_Code65.pdf
66,forms/SS_Code66.pdf
67,forms/SS_Code67.pdf
68,forms/SS_Code68.pdf
69,forms/SS_Code69.pdf
70,forms/SS_Code70.pdf
71,forms/SS_Code71.pdf
72,forms/SS_Code72.pdf
73,forms/SS_Code73.pdf
74,forms/SS_Code74.pdf
75,forms/SS_Code75.pdf
76,forms/SS_Code76.pdf
77,forms/SS_Code77.pdf
78,forms/SS_Code78.pdf
79,forms/SS_Code79.pdf
80,forms/SS_Code80.pdf
81,forms/SS_Code81.pdf
82,forms/SS_Code82.pdf
83,forms/SS_Code83.pdf
84,forms/SS_Code84.pdf
85,forms/SS_Code85.pdf
86,forms/SS_Code86.pdf
87,forms/SS_Code87.pdf
88,forms/SS_Code88.pdf
89,forms/SS_Code89.pdf
90,forms/SS_Code90.pdf
91,forms/SS_Code91.pdf
92,forms/SS_Code92.pdf
93,forms/SS_Code93.pdf
94,forms/SS_Code94.pdf
95,forms/SS_Code95.pdf
96,forms/SS_Code96.pdf
97,forms/SS_Code97.pdf
98,forms/SS_Code98.pdf
99,forms/SS_Code99.pdf
100,forms/SS_Code100.pdf
101,forms/SS_Code101.pdf
102,forms/SS_Code102.pdf
103,forms/SS_Code103.pdf
104,forms/SS_Code104.pdf
105,forms/SS_Code105.pdf
106,forms/SS_Code106.pdf
107,forms/SS_Code107.pdf
108,forms/SS_Code108.pdf
109,forms/SS_Code109.pdf
110,forms/SS_Code110.pdf
111,forms/SS_Code111.pdf
112,forms/SS_Code112.pdf
113,forms/SS_Code113.pdf
114,forms/SS_Code114.pdf
115,forms/SS_Code115.pdf
116,forms/SS_Code116.pdf
117,forms/SS_Code117.pdf
118,forms/SS_Code118.pdf
119,forms/SS_Code119.pdf
120,forms/SS_Code120.pdf
121,forms/SS_Code121.pdf
122,forms/SS_Code122.pdf
123,forms/SS_Code123.pdf
124,forms/SS_Code124.pdf
125,forms/SS_Code125.pdf
126,forms/SS_Code126.pdf
127,forms/SS_Code127.pdf
128,forms/SS_Code128.pdf
129,forms/SS_Code129.pdf
130,forms/SS_Code130.pdf
131,forms/SS_Code131.pdf
132,forms/SS_Code132.pdf
133,forms/SS_Code133.pdf
134,forms/SS_Code134.pdf
135,forms/SS_Code135.pdf
136,forms/SS_Code136.pdf
137,forms/SS_Code137.pdf
138,forms/SS_Code138.pdf
139,forms/SS_Code139.pdf
140,forms/SS_Code140.pdf
141,forms/SS_Code141.pdf
142,forms/SS_Code142.pdf
143,forms/SS_Code143.pdf
144,forms/SS_Code144.pdf
145,forms/SS_Code145.pdf
146,forms/SS_Code146.pdf
147,forms/SS_Code147.pdf
148,forms/SS_Code148.pdf
149,forms/SS_Code149.pdf
150,forms/SS_Code150.pdf
151,forms/SS_Code151.pdf
152,forms/SS_Code152.pdf
153,forms/SS_Code153.pdf
154,forms/SS_Code154.pdf
155,forms/SS_Code155.pdf
156,forms/SS_Code156.pdf
157,forms/SS_Code157.pdf
158,forms/SS_Code158.pdf
159,forms/SS_Code159.pdf
160,forms/SS_Code160.pdf
161,forms/SS_Code161.pdf
162,forms/SS_Code162.pdf
163,forms/SS_Code163.pdf
164,forms/SS_Code164.pdf
165,forms/SS_Code165.pdf
166,forms/SS_Code166.pdf
167,forms/SS_Code167.pdf
168,forms/SS_Code168.pdf
169,forms/SS_Code169.pdf
170,forms/SS_Code170.pdf
171,forms/SS_Code171.pdf
172,forms/SS_Code172.pdf
173,forms/SS_Code173.pdf
174,forms/SS_Code174.pdf
175,forms/SS_Code175.pdf
176,forms/SS_Code176.pdf
177,forms/SS_Code177.pdf
178,forms/SS_Code178.pdf
179,forms/SS_Code179.pdf
180,forms/SS_Code180.pdf
181,forms/SS_Code181.pdf
182,forms/SS_Code182.pdf
183,forms/SS_Code183.pdf
184,forms/SS_Code184.pdf
185,forms/SS_Code185.pdf
186,forms/SS_Code186.pdf
187,forms/SS_Code187.pdf
188,forms/SS_Code188.pdf
189,forms/SS_Code189.pdf
190,forms/SS_Code190.pdf
191,forms/SS_Code191.pdf
192,forms/SS_Code192.pdf
193,forms/SS_Code193.pdf
194,forms/SS_Code194.pdf
195,forms/SS_Code195.pdf
196,forms/SS_Code196.pdf
197,forms/SS_Code197.pdf
198,forms/SS_Code198.pdf
199,forms/SS_Code199.pdf
200,forms/SS_Code200.pdf
201,forms/SS_Code201.pdf
202,forms/SS_Code202.pdf
203,forms/SS_Code203.pdf
204,forms/SS_Code204.pdf
205,forms/SS_Code205.pdf
206,forms/SS_Code206.pdf
207,forms/SS_Code207.pdf
208,forms/SS_Code208.pdf
209,forms/SS_Code209.pdf
210,forms/SS_Code210.pdf
211,forms/SS_Code211.pdf
212,forms/SS_Code212.pdf
213,forms/SS_Code213.pdf
214,forms/SS_Code214.pdf
215,forms/SS_Code215.pdf
216,forms/SS_Code216.pdf
217,forms/SS_Code217.pdf
218,forms/SS_Code218.pdf
219,forms/SS_Code219.pdf
220,forms/SS_Code220.pdf
221,forms/SS_Code221.pdf
222,forms/SS_Code222.pdf
223,forms/SS_Code223.pdf
224,forms/SS_Code224.pdf
225,forms/SS_Code225.pdf
226,forms/SS_Code226.pdf
227,forms/SS_Code227.pdf
228,forms/SS_Code228.pdf
229,forms/SS_Code229.pdf
230,forms/SS_Code230.pdf
231,forms/SS_Code231.pdf
232,forms/SS_Code232.pdf
233,forms/SS_Code233.pdf
234,forms/SS_Code234.pdf
235,forms/SS_Code235.pdf
236,forms/SS_Code236.pdf
237,forms/SS_Code237.pdf
238,forms/SS_Code238.pdf
239,forms/SS_Code239.pdf
240,forms/SS_Code240.pdf
241,forms/SS_Code241.pdf
242,forms/SS_Code242.pdf
243,forms/SS_Code243.pdf
244,forms/SS_Code244.pdf
245,forms/SS_Code245.pdf
246,forms/SS_Code246.pdf
247,forms/SS_Code247.pdf
248,forms/SS_Code248.pdf
249,forms/SS_Code249.pdf
250,forms/SS_Code250.pdf
